,r(mm),J,G,v(m/s),T(K),p,N2,CO2,H2O,O2,H,O,OH,H2O2,C,CH,CH2,CH2(,CH3,CH4,CO,HCO,CH2O,CH3O,HO2,C2H,C2H2,C2H3,C2H4,C2H5,C2H6,HCCO,CH2C,AR,H2,C3H7,C3H8,CH3C
0,0.0,-65600.0,251.676823,19.7844767,298.0,100000.0,0.649046641,0.0,0.0,0.195431437,0.0,0.0,0.0,0.0,0.0,0.0,0.0,0.0,0.0,0.155521922,0.0,0.0,0.0,0.0,0.0,0.0,0.0,0.0,0.0,0.0,0.0,0.0,0.0,0.0,0.0,0.0,0.0,0.0
1,0.0046,-65600.0,251.676823,17.4690499,298.0,100000.0,0.649046641,8.33754444e-29,1.11684313e-28,0.195431437,1.49149476e-53,1.15197734e-37,6.76582003e-41,3.84655496e-33,0.0,0.0,6.73998455e-67,1.04394245e-72,4.7587013e-33,0.155521922,4.92986832e-29,7.02619266e-59,1.50867493e-70,7.36906158e-32,2.02721045e-32,4.89041367e-81,1.6271465e-30,1.5034601e-70,2.23428515e-30,3.97378483e-43,2.27761044e-30,3.34155433e-33,4.27045635e-57,0.0,3.1924896e-30,2.84107329e-35,1.31679659e-35,1.02085052e-32
2,0.0092,-65600.0,251.676823,15.1536231,298.0,100000.0,0.649046641,2.96264381e-25,3.96856461e-25,0.195431437,1.46328329e-49,4.12138294e-34,2.42061026e-37,1.36682597e-29,2.66081215e-97,2.08493567e-91,3.88041985e-60,8.43964004e-66,1.69091222e-29,0.155521922,1.75176804e-25,5.14439395e-54,1.61679164e-63,2.61850535e-28,7.20336964e-29,6.12285362e-74,5.78186483e-27,1.64643768e-63,7.93925731e-27,4.25366242e-39,8.0932084e-27,1.18738021e-29,1.06600114e-51,0.0,1.13441189e-26,1.00954043e-31,4.67907459e-32,3.62746669e-29
3,0.0138,-65600.0,251.676823,12.8381963,298.0,100000.0,0.649046641,9.13025835e-22,1.22302992e-21,0.195431437,1.36668049e-45,1.28013568e-30,7.52006761e-34,4.21227626e-26,3.45128999e-89,2.00205493e-82,2.02433697e-53,8.00643716e-59,5.21104144e-26,0.155521922,5.39858848e-22,1.23771023e-48,1.355405e-56,8.06969444e-25,2.2199299e-25,5.78754044e-67,1.78185172e-23,1.39631853e-56,2.44671567e-23,4.35290311e-35,2.49416023e-23,3.65926138e-26,2.65595815e-46,0.0,3.49602392e-23,3.1111958e-28,1.44199446e-28,1.11791056e-25
4,0.0184,-65600.0,251.676823,10.5227696,298.0,100000.0,0.649046641,2.38400051e-18,3.19345176e-18,0.195431437,1.21214369e-41,3.37365429e-27,1.9886688e-30,1.09986688e-22,4.47658787e-81,1.92246789e-73,8.89111788e-47,5.50125334e-52,1.36065373e-22,0.155521922,1.4096247e-18,3.0778062e-43,8.51247481e-50,2.10707682e-21,5.79645294e-22,3.96215983e-60,4.6525906e-20,8.72421979e-50,6.38861595e-20,4.24957548e-31,6.51249837e-20,9.55469239e-23,6.60481413e-41,0.0,9.12846329e-20,8.12363916e-25,3.76518973e-25,2.91897475e-22
5,0.023,-65600.0,251.676823,8.20734278,298.0,100000.0,0.649046641,5.10274007e-15,6.83529813e-15,0.195431437,1.02286741e-37,7.30295281e-24,4.62351428e-27,2.35416678e-19,5.80645679e-73,1.8460432e-64,2.99191171e-40,2.74638836e-45,2.91235619e-19,0.155521922,3.01717572e-15,7.69168349e-38,3.96941029e-43,4.51000964e-18,1.24067629e-18,2.01302648e-53,9.95845443e-17,3.78881325e-43,1.36742616e-16,3.94868174e-27,1.39394208e-16,2.04509653e-19,1.63906914e-35,0.0,1.953866e-16,1.73879238e-21,8.05905208e-22,6.24780461e-19
6,0.0275999947,-65600.0,251.676823,5.89191867,298.0,100000.0,0.649046641,8.52020788e-12,1.14131153e-11,0.195431437,1.9243864e-33,1.2371373e-20,2.25264831e-23,3.93082737e-16,7.53135222e-65,1.77264867e-55,6.86600345e-34,2.31647578e-38,4.86285058e-16,0.155521922,5.03787454e-12,2.04325499e-32,1.86279041e-36,7.53050697e-15,2.07157437e-15,1.87693102e-46,1.6627949e-13,1.15924959e-36,2.28323508e-13,3.48323188e-23,2.32750956e-13,3.41476291e-16,4.04612344e-30,0.0,3.26243239e-13,2.90331712e-18,1.34564562e-18,1.04321587e-15
7,0.0321974639,-65600.0,251.676891,3.57776945,298.000217,100000.0,0.649046648,1.02080088e-08,1.36739835e-08,0.195431416,1.92932425e-27,1.5122357e-17,6.96440793e-19,4.70950018e-13,9.76056646e-57,1.70072101e-46,9.48669719e-28,8.45991765e-31,5.82613991e-13,0.155521904,6.03584661e-09,7.60911518e-27,1.92455713e-29,9.02225425e-12,2.48176306e-12,6.58885351e-39,1.99218438e-10,5.14380762e-30,2.73552995e-10,2.90627235e-19,2.78857494e-10,4.09120652e-13,9.58699607e-25,0.0,3.90870025e-10,3.47844649e-15,1.61220973e-15,1.24987054e-12
8,0.036561849,-65600.0,251.727757,1.38224164,298.145916,100000.0,0.649051384,6.87867724e-06,9.21422782e-06,0.195417385,3.5287337e-21,1.05298449e-14,2.67301336e-14,3.17349802e-10,1.16983474e-48,1.50700959e-37,8.66849159e-22,2.11408374e-23,3.92572294e-10,0.155510198,4.06726144e-06,1.62649079e-20,2.16900814e-22,6.07965529e-09,1.67111927e-09,1.54617421e-31,1.34243549e-07,5.03175409e-23,1.84333965e-07,2.112063e-15,1.87908408e-07,2.75686372e-10,1.63119136e-19,0.0,2.63388168e-07,2.3439609e-12,1.08638902e-12,8.42226545e-10
9,0.0385648757,-65600.0,256.043218,0.415798599,310.957598,100000.0,0.649468812,0.000612284591,0.000820176171,0.194180635,9.91066114e-16,1.03400709e-12,1.0758032e-10,2.81970471e-08,4.49218025e-41,4.03341899e-29,1.53971003e-16,7.98206567e-18,3.50127653e-08,0.154478378,0.000362034941,5.04770509e-15,7.15664197e-17,5.41162032e-07,1.46807939e-07,1.6629078e-25,1.19492824e-05,2.17176156e-17,1.64079244e-05,4.03353339e-12,1.67259403e-05,2.45393862e-08,3.33117346e-15,0.0,2.34446989e-05,2.09530568e-10,9.66824314e-11,7.49682451e-08
10,0.0387939929,-65600.0,261.809847,0.333280821,339.027374,100000.0,0.650390811,0.0019494786,0.00261132511,0.191449089,3.7805785e-14,7.09466172e-12,8.6771799e-10,7.74945848e-08,1.88240629e-36,4.85621404e-26,5.60610722e-15,3.17795636e-16,1.58295614e-07,0.152199397,0.00115269821,1.29566626e-13,1.76213037e-15,1.72271664e-06,4.6968776e-07,3.7179903e-23,3.80458577e-05,9.2731591e-16,5.22415632e-05,5.9283749e-11,5.32112187e-05,7.81320561e-08,1.80229885e-13,0.0,7.46466375e-05,9.11558245e-10,3.02834569e-10,2.38739403e-07
11,0.0388818001,-65600.0,267.217595,0.314835947,368.06984,100000.0,0.651356148,0.00334952602,0.00448662504,0.188589239,2.09000207e-13,1.55817677e-11,1.84856658e-09,1.24776276e-07,2.29955039e-34,1.13080986e-24,2.45979474e-14,1.4939713e-15,3.28513499e-07,0.149813326,0.0019805259,4.818551e-13,6.30948447e-15,2.95924804e-06,7.95091192e-07,9.16811391e-22,6.53691203e-05,5.4319706e-15,8.97592105e-05,1.6221631e-10,9.1374361e-05,1.34243896e-07,1.27607121e-12,0.0,0.000128255376,1.79458269e-09,5.15988965e-10,4.10253861e-07
12,0.0389436686,-65600.0,273.271318,0.309097075,400.978093,100000.0,0.652464996,0.00495770719,0.00664067419,0.185304316,7.93883526e-13,2.67765564e-11,2.92097698e-09,1.7636961e-07,8.3240379e-33,1.12917035e-23,6.63079852e-14,4.27751327e-15,5.6983154e-07,0.147072566,0.00293142032,1.16499958e-12,1.47166877e-14,4.37880312e-06,1.16203914e-06,1.35567515e-20,9.67543612e-05,2.05573964e-14,0.000132853955,3.1432027e-10,0.000135169641,1.98697559e-07,5.89682853e-12,0.0,0.000189833824,2.93902502e-09,7.5865968e-10,6.07307108e-07
13,0.038994936,-65600.0,280.07159,0.308832203,437.995585,100000.0,0.653732283,0.00679567347,0.00910245931,0.181550116,2.66121901e-12,4.12733178e-11,4.04955831e-09,2.32943017e-07,1.912069e-31,8.05316131e-23,1.43452341e-13,9.73270919e-15,9.11024918e-07,0.143940226,0.00401818384,2.34503705e-12,2.85764154e-14,5.99969763e-06,1.57886458e-06,1.49905765e-19,0.000132624151,6.4200254e-14,0.000182105793,5.33866081e-10,0.000185163165,2.72360905e-07,2.38833071e-11,0.0,0.00026021113,4.39648085e-09,1.03363361e-09,8.32561175e-07
14,0.0390404827,-65600.0,287.565622,0.311288788,478.762713,100000.0,0.655152992,0.00885614438,0.0118622093,0.177341544,8.49579462e-12,6.08247545e-11,5.25953013e-09,2.94144975e-07,3.59765067e-30,4.90036711e-22,2.75913586e-13,1.94572485e-14,1.3883457e-06,0.140428731,0.00523651191,4.36801228e-12,5.11132534e-14,7.81377808e-06,2.04796492e-06,1.31176265e-18,0.000172836434,1.82300234e-13,0.000237319322,8.68657867e-10,0.000241121796,3.54942358e-07,9.21347299e-11,0.0,0.000339108699,6.19646643e-09,1.33920989e-09,1.08513309e-06
15,0.0390825056,-65600.0,295.659324,0.314963619,522.790929,100000.0,0.656716783,0.0111241238,0.0148998141,0.172709269,2.64948815e-11,9.06569558e-11,6.62385026e-09,3.59418e-07,6.16932466e-29,2.757645e-21,4.98616132e-13,3.60584954e-14,2.04989046e-06,0.136563655,0.00657753771,8.0707111e-12,9.02245311e-14,9.80421809e-06,2.57027586e-06,9.34407005e-18,0.000217098586,5.00752804e-13,0.000298092257,1.43344223e-09,0.000302589654,4.45841396e-07,3.35492756e-10,0.0,0.000425952643,8.33514202e-09,1.67248008e-09,1.36319353e-06
16,0.0391221991,-65600.0,304.250188,0.318906007,569.613181,100000.0,0.658412397,0.0135832815,0.0181933711,0.167686699,8.18442648e-11,1.45033916e-10,8.25123307e-09,4.28197429e-07,1.02668874e-27,1.50710351e-20,8.77294443e-13,6.40430775e-14,2.96074964e-06,0.132372853,0.00803160509,1.54960359e-11,1.68691743e-13,1.19496895e-05,3.14585728e-06,5.54993197e-17,0.000265091972,1.39543347e-12,0.000363986355,2.49074444e-09,0.000369057845,5.44404795e-07,1.10815055e-09,0.0,0.000520118227,1.07396632e-08,2.03019018e-09,1.66474981e-06
17,0.0391602969,-65600.0,313.239245,0.322473393,618.833944,100000.0,0.660229098,0.0162180445,0.0217219857,0.162305708,2.48706989e-10,2.61236003e-10,1.0284307e-08,4.99950909e-07,1.6769079e-26,8.15369315e-20,1.54358992e-12,1.11463363e-13,4.21020436e-06,0.127882892,0.00958950482,3.13044787e-11,3.5970019e-13,1.42244722e-05,3.77246891e-06,2.81265905e-16,0.000316512806,4.03895968e-12,0.00043458331,4.60973243e-09,0.000440014923,6.50011816e-07,3.20467059e-09,0.0,0.0006210101,1.32015009e-08,2.40873535e-09,1.98790412e-06
18,0.0391972867,-65600.0,322.533998,0.325213651,670.132622,100000.0,0.662156815,0.0190138037,0.0254660445,0.156596226,7.09760551e-10,5.31393434e-10,1.29083076e-08,5.74151981e-07,2.50080538e-25,4.2600444e-19,2.77747053e-12,1.9284044e-13,5.92211931e-06,0.123118704,0.0112425955,6.51588636e-11,8.89306942e-13,1.65973798e-05,4.44141076e-06,1.24242613e-15,0.000371076296,1.18060598e-11,0.00050949001,8.91399829e-09,0.000514942911,7.6208616e-07,7.93310935e-09,0.0,0.000728070326,1.52831521e-08,2.80347597e-09,2.33088164e-06
19,0.0392335159,-65600.0,332.049678,0.326798305,723.259634,100000.0,0.664186244,0.0219570634,0.0294074133,0.150585939,1.79325902e-09,1.15719436e-09,1.63825118e-08,6.50236064e-07,3.07494259e-24,2.05908091e-18,5.19736644e-12,3.34075506e-13,8.27025325e-06,0.118103328,0.0129828905,1.35450865e-10,2.34096389e-12,1.90323512e-05,5.13273625e-06,4.87950835e-15,0.00042851982,3.25452287e-11,0.000588342073,1.73869594e-08,0.000593307104,8.80110366e-07,1.66441422e-08,0.0,0.000840784116,1.62724157e-08,3.20757687e-09,2.69205328e-06
20,0.0392692456,-65600.0,341.708481,0.326980449,778.023719,100000.0,0.666308745,0.0250352884,0.0335292275,0.144300612,3.89212968e-09,2.50421163e-09,2.11267439e-08,7.27517148e-07,2.95399928e-23,8.98859998e-18,1.01806459e-11,5.82440936e-13,1.1498984e-05,0.112858179,0.0148029662,2.75373707e-10,5.92029305e-12,2.14914323e-05,5.81794965e-06,1.73875462e-14,0.000488600355,8.05091098e-11,0.000670798635,3.33378272e-08,0.000674530812,1.00363372e-06,2.96134983e-08,0.0,0.0009586736,1.54126705e-08,3.61099515e-09,3.06992293e-06
21,0.0393046796,-65600.0,351.438189,0.325567444,834.278171,100000.0,0.668516213,0.0282367179,0.037815636,0.137764457,7.33382448e-09,5.12213017e-09,2.79029046e-08,8.05045527e-07,2.25390684e-22,3.56365695e-17,2.07721238e-11,1.0334402e-12,1.5949822e-05,0.10740337,0.0166958494,5.45249119e-10,1.38068201e-11,2.39393529e-05,6.47627376e-06,5.7472985e-14,0.00055109127,1.79207027e-10,0.000756534645,6.24827995e-08,0.000757959221,1.1322807e-06,4.498569e-08,0.0,0.00108128976,1.26233049e-08,4.00137433e-09,3.46311186e-06
22,0.0393400105,-65600.0,361.178442,0.322400326,891.954802,100000.0,0.670802799,0.0315528597,0.0422551276,0.130995043,1.24689812e-08,9.7986634e-09,3.81573892e-08,8.81424449e-07,1.46232723e-21,1.32154106e-16,4.37377612e-11,1.90218197e-12,2.21032017e-05,0.101753477,0.0186564881,1.06390444e-09,3.01101801e-11,2.63482945e-05,7.11386673e-06,1.8047182e-13,0.000615831401,3.74612694e-10,0.000845302806,1.15047969e-07,0.000842877285,1.26586549e-06,5.88382592e-08,0.0,0.00120830684,9.05649813e-09,4.36796901e-09,3.87067756e-06
23,0.039375439,-65600.0,370.8813,0.317333396,951.072492,100000.0,0.6731656,0.0349794886,0.0468418432,0.124001285,2.00181004e-08,1.78065428e-08,5.46650636e-08,9.54408127e-07,8.79701821e-21,4.77545081e-16,9.45886355e-11,3.70297455e-12,3.06466127e-05,0.0959158662,0.0206823358,2.08392368e-09,6.3499489e-11,2.86968569e-05,7.76660435e-06,5.5064094e-13,0.000682745305,7.74373975e-10,0.000936953396,2.08477796e-07,0.00092845956,1.40445284e-06,6.69850081e-08,0.0,0.00133955994,6.16812681e-09,4.70474472e-09,4.29227427e-06
24,0.039411118,-65600.0,380.491775,0.310229334,1011.62475,100000.0,0.675600034,0.0385099287,0.0515665379,0.116797235,3.14673141e-08,3.14063682e-08,8.26989395e-08,1.02010782e-06,5.28002507e-20,1.74432486e-15,2.10148771e-10,7.70619642e-12,4.25592969e-05,0.0899021702,0.0227693637,4.14151472e-09,1.33184388e-10,3.09609064e-05,8.48386126e-06,1.65745518e-12,0.000751713799,1.64063419e-09,0.00103124377,3.69175527e-07,0.00101349068,1.54813e-06,6.81103166e-08,0.0,0.00147478745,4.38156269e-09,5.00816064e-09,4.72741793e-06
25,0.0394471592,-65600.0,389.946999,0.300961058,1073.56773,100000.0,0.678097759,0.0421320351,0.056412469,0.109408352,4.95557758e-08,5.46607573e-08,1.32185874e-07,1.07219445e-06,3.31526521e-19,6.59794367e-15,4.80166216e-10,1.7130198e-11,5.9224347e-05,0.083733488,0.0249102477,8.32306169e-09,2.8219978e-10,3.31077723e-05,9.30684525e-06,4.94718683e-12,0.000822518361,3.6115865e-09,0.0011277391,6.31341577e-07,0.00109615312,1.69696435e-06,6.54946275e-08,0.0,0.0016135148,3.36155516e-09,5.27347429e-09,5.17526241e-06
26,0.0394833715,-65600.0,399.110575,0.289502141,1136.34092,100000.0,0.680629982,0.0458039592,0.0613228714,0.101921077,7.88708347e-08,9.43988106e-08,2.20952506e-07,1.10145025e-06,2.20056088e-18,2.58927092e-14,1.12085632e-09,4.00486703e-11,8.23925858e-05,0.0774817418,0.0270799972,1.66385873e-08,6.04169864e-10,3.50811158e-05,1.02448184e-05,1.44865826e-11,0.000894372638,8.19015292e-09,0.00122513614,1.02954936e-06,0.00117336789,1.85012393e-06,6.44193107e-08,0.0,0.00175412386,2.76784381e-09,5.49206865e-09,5.63174068e-06
27,0.0395193969,-65600.0,407.821504,0.275961673,1199.08812,100000.0,0.683158227,0.0494697571,0.0662217434,0.0944510997,1.26693359e-07,1.61336123e-07,3.79630928e-07,1.09818061e-06,1.51972289e-17,1.03929193e-13,2.63974388e-09,9.61982566e-11,0.000114135227,0.0712431923,0.0292451202,3.24707451e-08,1.29493031e-09,3.681444e-05,1.12693096e-05,4.08900121e-11,0.000966233708,1.87373685e-08,0.00132163082,1.59239689e-06,0.00124122534,2.00663428e-06,6.82546192e-08,0.0,0.00189444488,2.41665391e-09,5.65430662e-09,6.09149125e-06
28,0.0395552066,-65600.0,416.019792,0.260406307,1261.53418,100000.0,0.685668425,0.0531087677,0.0710796567,0.087042936,2.04924916e-07,2.72305065e-07,6.61566346e-07,1.05647872e-06,1.07960157e-16,4.22763689e-13,6.22912138e-09,2.33706995e-10,0.000157175178,0.0650546032,0.0313926855,6.12877579e-08,2.7628105e-09,3.82553232e-05,1.23341732e-05,1.10458094e-10,0.00103777916,4.25099215e-08,0.00141611669,2.35452919e-06,0.00129592609,2.16768337e-06,7.81776808e-08,0.0,0.00203363264,2.21350901e-09,5.7526541e-09,6.55396476e-06
29,0.0395909554,-65600.0,423.696137,0.242832456,1323.73428,100000.0,0.688161085,0.0567212967,0.0758941573,0.079699688,3.33274275e-07,4.53332946e-07,1.15969568e-06,9.78308145e-07,7.84914224e-16,1.73549583e-12,1.46827589e-08,5.69379542e-10,0.000215051597,0.05891809,0.0335216291,1.11536274e-07,5.85340873e-09,3.93496736e-05,1.33830851e-05,2.85577525e-10,0.00110914411,9.43858187e-08,0.00150757827,3.37460298e-06,0.00133309721,2.33650832e-06,9.48378088e-08,0.0,0.00217158716,2.1093857e-09,5.77972105e-09,7.02164776e-06
30,0.0396267918,-65600.0,430.840276,0.223218265,1385.72956,100000.0,0.690637543,0.0603085458,0.0806623228,0.0724247313,5.4428909e-07,7.43252746e-07,2.03411905e-06,8.767156e-07,5.81289767e-15,7.15877464e-12,3.44581968e-08,1.38303281e-09,0.00029201693,0.0528359629,0.0356305181,1.95499134e-07,1.22879478e-08,4.00290554e-05,1.43475053e-05,7.08058673e-10,0.00118053817,2.02716375e-07,0.00159419878,4.74574884e-06,0.00134720789,2.51815963e-06,1.18971883e-07,0.0,0.00230812817,2.0807425e-09,5.72769202e-09,7.49719413e-06
31,0.0396628556,-65600.0,437.438619,0.201527094,1447.52717,100000.0,0.693099375,0.0638715749,0.0853785125,0.0652249446,8.91876692e-07,1.19827418e-06,3.56012989e-06,7.73793562e-07,4.36527573e-14,2.95331487e-11,8.0212585e-08,3.33520236e-09,0.000392822009,0.0468134886,0.037716321,3.30158064e-07,2.55097322e-08,4.02109406e-05,1.51479326e-05,1.68935219e-09,0.00125220071,4.17452346e-07,0.00167277143,6.59374722e-06,0.00133163809,2.72020855e-06,1.5119666e-07,0.0,0.00244285238,2.12246037e-09,5.58972039e-09,7.98204765e-06
32,0.0396992847,-65600.0,443.474268,0.177706643,1509.09867,100000.0,0.695548598,0.0674112935,0.0900331245,0.0581123595,1.46535529e-06,1.89730765e-06,6.21222638e-06,6.91868604e-07,3.30846751e-13,1.21200502e-10,1.84380464e-07,7.95524747e-09,0.000522109124,0.0408603732,0.0397733936,5.38038076e-07,5.22713702e-08,3.9803109e-05,1.57004471e-05,3.89513769e-09,0.00132427611,8.20086944e-07,0.00173786849,9.05404569e-06,0.00127924115,2.95357366e-06,1.91625399e-07,0.0,0.00257495193,2.25074402e-09,5.3620724e-09,8.47334902e-06
33,0.0397362178,-65600.0,448.926093,0.151690538,1570.37142,100000.0,0.697987623,0.0709279338,0.0946101738,0.0511075621,2.41283458e-06,2.94853591e-06,1.08148961e-05,6.43260079e-07,2.51984709e-12,4.91854247e-10,4.16363842e-07,1.86934812e-08,0.000683099441,0.0349937421,0.0417915549,8.48254809e-07,1.05525815e-07,3.87141648e-05,1.59312044e-05,8.71859894e-09,0.00139644567,1.53429771e-06,0.00178073679,1.22161376e-05,0.00118374225,3.23308562e-06,2.39478043e-07,0.0,0.00270288834,2.51487185e-09,5.04643415e-09,8.95739026e-06
34,0.0397737828,-65600.0,453.766093,0.12341152,1631.19774,100000.0,0.700418354,0.0744191241,0.0990824406,0.0442467779,3.98221881e-06,4.50118012e-06,1.8831398e-05,6.26468217e-07,1.92726232e-11,1.96314155e-09,9.18749356e-07,4.30855352e-08,0.000875218716,0.0292441951,0.0437524535,1.29901499e-06,2.09589078e-07,3.68728605e-05,1.57978734e-05,1.90331237e-08,0.00146706886,2.73419605e-06,0.00178817249,1.60205582e-05,0.00104232569,3.57689882e-06,2.92641454e-07,0.0,0.00282383439,3.01277445e-09,4.65026193e-09,9.39786341e-06
35,0.0398122469,-65600.0,457.974489,0.0926888494,1691.57235,100000.0,0.702851578,0.0778925042,0.103423822,0.0375622858,6.61769717e-06,6.7919773e-06,3.30679437e-05,6.30298647e-07,1.50294922e-10,7.73348851e-09,1.97862378e-06,9.7377391e-08,0.00109152908,0.0236394605,0.0456323575,1.95000219e-06,4.10681078e-07,3.42421247e-05,1.53108449e-05,4.08739512e-08,0.00153179748,4.65345166e-06,0.00174190562,2.01286421e-05,0.00085833783,4.00503707e-06,3.47522118e-07,0.0,0.00293331718,3.88953111e-09,4.17793098e-09,9.72051378e-06
36,0.039851679,-65600.0,461.498109,0.0594938391,1751.04313,100000.0,0.705285332,0.0813338648,0.10756297,0.0311520876,1.11591688e-05,1.02597209e-05,5.92852026e-05,6.39886616e-07,1.21525858e-09,3.02093996e-08,4.14818839e-06,2.15494868e-07,0.00131210581,0.018263152,0.0473774537,2.91190785e-06,7.95970178e-07,3.08586349e-05,1.4550976e-05,8.69914823e-08,0.00158002489,7.55892871e-06,0.00162022076,2.37229474e-05,0.000645894314,4.52698037e-06,3.9870139e-07,0.0,0.00302293605,5.23462707e-09,3.61488375e-09,9.79186528e-06
37,0.0398919667,-65600.0,464.270862,0.0239899372,1808.6668,100000.0,0.707707573,0.0847114361,0.111381455,0.0251787255,1.93445778e-05,1.59263358e-05,0.000110490781,6.38498125e-07,1.01622475e-08,1.17494742e-07,8.41095439e-06,4.65316832e-07,0.00149716688,0.0132557285,0.0488965471,4.43144364e-06,1.52643995e-06,2.68390854e-05,1.36467563e-05,1.84581464e-07,0.00159107228,1.16521264e-05,0.00140569265,2.54031198e-05,0.000430601104,5.11790148e-06,4.39468193e-07,0.0,0.00307906221,6.75852131e-09,2.90726146e-09,9.42272218e-06
38,0.0399333796,-65600.0,466.25439,-0.0139323918,1863.5098,100000.0,0.71013061,0.0880254698,0.114747177,0.0198035727,3.50771301e-05,2.67009733e-05,0.000218996273,6.03500073e-07,8.34982975e-08,4.5136275e-07,1.61774685e-05,9.68688266e-07,0.00157913797,0.00876345812,0.0500588521,7.07763275e-06,2.86383026e-06,2.22563586e-05,1.26325627e-05,3.90723143e-07,0.00153011295,1.67232216e-05,0.00109495406,2.33199264e-05,0.000241403392,5.68001074e-06,4.60362268e-07,0.0,0.0030807456,7.32896654e-09,1.99063343e-09,8.40170655e-06
39,0.0399765372,-65600.0,467.399035,-0.0546226391,1913.67853,100000.0,0.712587109,0.0913051904,0.117442608,0.0152689283,6.62787336e-05,5.19709989e-05,0.000463041238,5.06713927e-07,5.86413287e-07,1.57037589e-06,2.74648955e-05,1.82712432e-06,0.0014522265,0.00499844747,0.0506140246,1.1783494e-05,4.93472831e-06,1.702685e-05,1.12684498e-05,7.91056965e-07,0.00134432242,2.08298682e-05,0.000714616321,1.62473404e-05,0.000103492412,5.94889147e-06,4.43156395e-07,0.0,0.00299247073,5.35781861e-09,9.68298624e-10,6.5769941e-06
40,0.0400226478,-65600.0,467.604778,-0.0987409679,1954.7128,100000.0,0.715142614,0.0946333581,0.119070732,0.0120210831,0.000124260626,0.000126380177,0.00100694982,3.5677896e-07,2.75606922e-06,3.93978203e-06,3.47265821e-05,2.65906725e-06,0.00102559822,0.002241364,0.0500094491,1.82124294e-05,6.65585667e-06,1.09947525e-05,9.19359815e-06,1.33567909e-06,0.000978017365,1.88648382e-05,0.000340942281,6.80994254e-06,2.85613279e-05,5.37427466e-06,3.6312367e-07,0.0,0.00275665515,1.81084176e-09,2.46390814e-10,4.06023442e-06
41,0.040071597,-65600.0,466.704175,-0.145035172,1976.3347,100000.0,0.717794272,0.097988786,0.118982504,0.0109653373,0.000206526698,0.000356055468,0.00202711942,2.51392471e-07,5.42851882e-06,4.84180291e-06,2.49277217e-05,2.27414348e-06,0.00045924609,0.000727403256,0.0472422731,1.94371929e-05,5.37346822e-06,5.14280295e-06,6.96721597e-06,1.40122542e-06,0.00049279162,9.48016491e-06,0.000101040133,1.33902757e-06,4.33117289e-06,3.4962705e-06,2.21411939e-07,0.0,0.00232982607,1.97150927e-10,2.80450817e-11,1.67818085e-06
42,0.0401226985,-65600.0,464.570059,-0.191109062,1970.53527,100000.0,0.720521861,0.101076267,0.116748108,0.0130466338,0.000274829503,0.000866292098,0.00333323012,2.55384214e-07,3.04639258e-06,2.33659596e-06,8.92237276e-06,9.56422395e-07,0.000118245698,0.000170633014,0.0417484381,1.07783327e-05,2.17314425e-06,1.57372065e-06,6.02248075e-06,6.93807951e-07,0.000149127069,2.44448776e-06,1.88382981e-05,1.27231706e-07,3.7235157e-07,1.37680112e-06,8.57462504e-08,0.0,0.0017917482,8.27864648e-12,1.78302883e-12,4.25818987e-07
43,0.0401773146,-65600.0,460.982564,-0.237170061,1942.248,100000.0,0.72341808,0.103264463,0.112489338,0.0187311266,0.000293143575,0.00152079266,0.00432570526,3.2537975e-07,5.85167766e-07,5.12882845e-07,1.81818028e-06,2.12126136e-07,1.94326539e-05,3.11958308e-05,0.0345312434,3.13544385e-06,4.74590901e-07,3.30226931e-07,6.84932308e-06,1.65784894e-07,2.83302201e-05,3.85886869e-07,2.61656326e-06,7.91383698e-09,2.21778254e-08,3.32285641e-07,2.06230757e-08,0.0,0.00130504656,2.14182614e-13,8.36420978e-14,7.37968833e-08
44,0.0402300141,-65600.0,456.289018,-0.278772206,1904.35324,100000.0,0.726203879,0.103809401,0.107398549,0.0267064581,0.000271125721,0.0019943455,0.00468322129,4.05197372e-07,6.85217743e-08,7.94921974e-08,3.03875085e-07,3.57760405e-08,2.90666426e-06,5.70276654e-06,0.0279370993,7.00332953e-07,8.07961539e-08,6.31118595e-08,8.77073336e-06,2.79117093e-08,4.60842239e-06,5.34862336e-08,3.66666848e-07,5.12181303e-10,1.3276302e-09,6.59986372e-08,4.07054954e-09,0.0,0.000966490045,5.6967707e-15,4.13571815e-15,1.20119577e-08
45,0.0402762263,-65600.0,451.218132,-0.312867019,1865.02822,100000.0,0.728638071,0.102941705,0.102533624,0.0351093776,0.000236992241,0.00223144784,0.00463244495,4.77374164e-07,7.58901427e-09,1.22383582e-08,5.40614676e-08,6.22197092e-09,5.03927876e-07,1.22927233e-06,0.0229166319,1.80676807e-07,1.43937474e-08,1.35769472e-08,1.09618823e-05,4.57186325e-09,8.06387203e-07,8.27707813e-09,6.17006943e-08,4.54563949e-11,9.9105182e-11,1.36618227e-08,8.51217758e-10,0.0,0.000744174776,2.0857117e-16,2.62674102e-16,2.25901027e-09
46,0.0403182176,-65600.0,445.866355,-0.341690396,1824.34783,100000.0,0.730839579,0.101106817,0.0979052849,0.0436292638,0.000201687021,0.00231213267,0.00438183561,5.4782485e-07,8.71830007e-10,1.9802908e-09,1.0499819e-08,1.1707443e-09,1.01622664e-07,3.06273467e-07,0.0190250337,6.64801021e-08,2.80279754e-09,3.33071981e-09,1.32358106e-05,7.69031668e-10,1.53323531e-07,1.43715775e-09,1.21334715e-08,5.69146338e-12,9.07507788e-12,3.02661934e-09,1.96588941e-10,0.0,0.000583623859,1.0631593e-17,2.08419471e-17,4.87587965e-10
47,0.0403573773,-65600.0,440.261319,-0.366494959,1781.92201,100000.0,0.732880483,0.0985655445,0.093446803,0.0522012866,0.000168568546,0.00228629771,0.00402508292,6.2236565e-07,1.07051164e-10,3.42067683e-10,2.23640624e-09,2.41303015e-10,2.3545411e-08,8.66611324e-08,0.0159484582,3.56353357e-08,6.0153528e-10,9.31340038e-10,1.55779615e-05,1.34666342e-10,3.16517515e-08,2.76921499e-10,2.72361646e-09,9.8916092e-13,1.005968e-12,7.23832486e-10,5.05503387e-11,0.0,0.000461008175,7.27579163e-19,2.01578123e-18,1.18915263e-10
48,0.0403945747,-65600.0,434.409141,-0.388007198,1737.4473,100000.0,0.734805257,0.0954818534,0.0890981797,0.06081306,0.000138703345,0.00218497941,0.00361110553,7.06397484e-07,1.41524852e-11,6.3369205e-11,5.22558132e-10,5.46295234e-11,6.18302777e-09,2.75104414e-08,0.0134834296,2.37086615e-08,1.4196273e-10,2.95632402e-10,1.80190098e-05,2.46233779e-11,7.08643372e-09,5.84827387e-11,6.86504265e-10,2.24437598e-13,1.34948822e-13,1.87799118e-10,1.44854264e-11,0.0,0.000364614582,6.32572627e-20,2.33630755e-19,3.23165358e-11
49,0.0404304066,-65600.0,428.30445,-0.406676077,1690.69436,100000.0,0.736643774,0.0919673503,0.0848125465,0.0694640781,0.000112359677,0.00202969706,0.00317012375,8.05958175e-07,2.00997791e-12,1.25907035e-11,1.33745765e-10,1.35625998e-11,1.81810525e-09,9.71591357e-09,0.0114908341,1.7140759e-08,3.66234877e-11,1.05976546e-10,2.06005802e-05,4.69890004e-12,1.72030802e-09,1.33793762e-11,1.92095128e-10,6.20639839e-14,2.22436739e-14,5.30865665e-11,4.62592926e-12,0.0,0.000287790111,6.68531341e-21,3.20764816e-20,9.67921114e-12
50,0.0404653117,-65600.0,421.935125,-0.422783928,1641.47923,100000.0,0.738417274,0.0881035509,0.0805540157,0.0781546721,8.94959008e-05,0.00183689045,0.00272340453,9.28889584e-07,3.04506974e-13,2.67452646e-12,3.73742307e-11,3.67566433e-12,5.92798481e-10,3.79634296e-09,0.00987007072,1.26995462e-08,1.02600119e-11,4.26863838e-11,2.33659321e-05,9.34240017e-13,4.53294194e-10,3.28076631e-12,5.92105048e-11,1.99316277e-14,4.63908204e-15,1.64263849e-11,1.64778796e-12,0.0,0.00022630957,8.37812489e-22,5.17844934e-21,3.16960476e-12
51,0.040499632,-65600.0,415.28465,-0.436503974,1589.6461,100000.0,0.74014151,0.0839535715,0.0762949735,0.0868832684,6.99408319e-05,0.00162002423,0.00228723514,1.08647317e-06,4.86888119e-14,6.03650036e-13,1.13442528e-11,1.08044462e-12,2.12728092e-10,1.63557378e-09,0.00854476624,9.42416887e-09,3.10291073e-12,1.92398403e-11,2.63569217e-05,1.9309757e-13,1.29948633e-10,8.53984303e-13,2.00054063e-11,7.23678346e-15,1.2611537e-15,5.59311669e-12,6.55916361e-13,0.0,0.000177254213,1.23179632e-22,9.78862736e-22,1.12876281e-12
52,0.0405336464,-65600.0,408.333655,-0.447932662,1535.06119,100000.0,0.741828472,0.0795686784,0.0720143526,0.095645617,5.34677806e-05,0.00139066279,0.00187465353,1.29635607e-06,8.10542045e-15,1.43509506e-13,3.71539941e-12,3.41996546e-13,8.35687372e-11,7.75664311e-10,0.0074547163,6.92621231e-09,1.00850928e-12,9.67812646e-12,2.96113163e-05,4.139053e-14,4.06821492e-11,2.33912811e-13,7.38956636e-12,2.9312058e-15,4.49898471e-16,2.10765011e-12,2.92514328e-13,0.0,0.000138463641,2.11936408e-23,2.16248522e-22,4.35844491e-13
53,0.0405675961,-65600.0,401.060351,-0.457110646,1477.6074,100000.0,0.743487563,0.0749916204,0.0676963266,0.10443545,3.98255635e-05,0.0011590411,0.00149611044,1.58848564e-06,1.38250565e-15,3.55587355e-14,1.30332693e-12,1.15770143e-13,3.58058673e-11,4.04752943e-10,0.00655108545,4.99770397e-09,3.51285912e-13,5.42804671e-12,3.31580278e-05,9.17794088e-15,1.39812038e-11,6.69116573e-14,2.98222582e-12,1.31628347e-15,2.05448898e-16,8.841122e-13,1.46539385e-13,0.0,0.000108224864,4.27767535e-24,5.58379721e-23,1.82295279e-13
54,0.0406016653,-65600.0,393.448877,-0.464029843,1417.24732,100000.0,0.745124633,0.0702634285,0.0633342322,0.113235982,2.87633826e-05,0.000934611558,0.00115992353,2.01419672e-06,2.37643886e-16,9.08572223e-15,4.8645551e-13,4.1689887e-14,1.66954246e-11,2.32482561e-10,0.00579430507,3.50918012e-09,1.31038733e-13,3.3966874e-12,3.70006336e-05,2.1031738e-15,5.31543041e-12,1.99004236e-14,1.31747321e-12,6.53828964e-16,1.15511999e-16,4.15402347e-13,8.2665005e-14,0.0,8.51016481e-05,1.02045522e-24,1.68995155e-23,8.27100994e-14
55,0.0406357517,-65600.0,385.548098,-0.468628266,1354.49126,100000.0,0.74673129,0.0654590597,0.0589614362,0.121959431,2.00790266e-05,0.000727464376,0.000873677556,2.63947009e-06,4.08848972e-17,2.38618067e-15,1.92936735e-13,1.59826049e-14,8.47840637e-12,1.47169528e-10,0.00515597162,2.38051289e-09,5.25804777e-14,2.37481821e-12,4.10574992e-05,5.01831606e-16,2.26379302e-12,6.18577604e-15,6.41393713e-13,3.59478479e-16,7.71516801e-17,2.20328484e-13,5.26147368e-14,0.0,6.7890104e-05,2.9209183e-25,6.03720482e-24,4.09469498e-14
56,0.0406698075,-65600.0,377.401126,-0.470905814,1289.83369,100000.0,0.748301764,0.0606403771,0.0546077435,0.130537581,1.34891856e-05,0.000545339714,0.00063975446,3.49447903e-06,6.94359439e-18,6.38266143e-16,8.08313484e-14,6.49340782e-15,4.66252547e-12,1.0208164e-10,0.00460998749,1.54713736e-09,2.2620488e-14,1.84269334e-12,4.51552889e-05,1.25035219e-16,1.08799694e-12,2.01851839e-15,3.45068083e-13,2.1747228e-16,5.89711466e-17,1.31971058e-13,3.75520503e-14,0.0,5.53116678e-05,1.0121953e-25,2.54529383e-24,2.21510206e-14
57,0.0407041032,-65600.0,368.977727,-0.470904316,1223.20832,100000.0,0.749844401,0.0558174408,0.0502650244,0.138987402,8.63957755e-06,0.000392036862,0.000454701048,4.4994168e-06,1.12407689e-18,1.69564335e-16,3.51883768e-14,2.74991595e-15,2.73294995e-12,7.64696058e-11,0.00413075097,9.50720159e-10,1.02363152e-14,1.55891817e-12,4.90181161e-05,3.21595853e-17,5.89169058e-13,6.88514067e-16,2.0427329e-13,1.42360567e-16,4.94037659e-17,8.83638006e-14,2.95745487e-14,0.0,4.60847439e-05,4.24500131e-26,1.25379426e-24,1.30082457e-14
58,0.0407386846,-65600.0,360.304872,-0.46865615,1155.02005,100000.0,0.751356173,0.051027148,0.0459565869,0.147272325,5.22974245e-06,0.000270032053,0.000313979078,5.450318e-06,1.68252406e-19,4.37851765e-17,1.56990882e-14,1.19587905e-15,1.67958435e-12,6.08575049e-11,0.00370174057,5.46135649e-10,4.76770751e-15,1.4031734e-12,5.21345496e-05,8.46379555e-18,3.58348426e-13,2.45278221e-16,1.32457037e-13,9.84419788e-17,4.33954458e-17,6.51498024e-14,2.50862479e-14,0.0,3.9200461e-05,2.16435908e-26,7.13698541e-25,8.23293148e-15
59,0.0407734917,-65600.0,351.444251,-0.464246334,1085.9494,100000.0,0.752828864,0.0463167507,0.041720057,0.155335682,2.96664024e-06,0.000178876457,0.000211255361,6.13958352e-06,2.26308922e-20,1.07719021e-17,7.08851881e-15,5.26312474e-16,1.06376493e-12,5.05550509e-11,0.00331178701,2.90440503e-10,2.23613469e-15,1.30691277e-12,5.37476178e-05,2.25015883e-18,2.42115834e-13,9.08075238e-17,9.31811944e-14,6.94504903e-17,3.84658764e-17,5.17453713e-14,2.20677633e-14,0.0,3.38734572e-05,1.3459638e-26,4.60911137e-25,5.55432104e-15
60,0.0408086899,-65600.0,342.409483,-0.457782045,1016.28898,100000.0,0.754263042,0.0416999776,0.0375660224,0.163176253,1.55687383e-06,0.000114577358,0.000138702282,6.47157504e-06,2.62545658e-21,2.45497731e-18,3.18781898e-15,2.30209108e-16,6.81383436e-13,4.30929455e-11,0.00295084256,1.41097397e-10,1.03435104e-15,1.22924474e-12,5.30352778e-05,5.87685762e-19,1.77900246e-13,3.42992272e-17,6.99338477e-14,4.78642498e-17,3.36044961e-17,4.31517312e-14,1.91316828e-14,0.0,2.95185185e-05,1.01219524e-26,3.2848096e-25,3.93222927e-15
61,0.0408445764,-65600.0,333.19085,-0.449360207,946.134599,100000.0,0.755661968,0.0371770732,0.0334945061,0.170812274,7.43980438e-07,7.15027206e-05,8.89886317e-05,6.45958371e-06,2.50910452e-22,5.02960916e-19,1.40630083e-15,9.84395014e-17,4.34017853e-13,3.71727663e-11,0.00261125233,6.1615996e-11,4.65629967e-16,1.14800836e-12,4.94705245e-05,1.45487538e-19,1.38703824e-13,1.28875456e-17,5.49449539e-14,3.08698738e-17,2.87345134e-17,3.69321943e-14,1.54633574e-14,0.0,2.57599064e-05,8.85634922e-27,2.50815842e-25,2.87700112e-15
62,0.0408815236,-65600.0,323.776177,-0.439066627,875.533731,100000.0,0.757027662,0.032748725,0.029506548,0.178257231,3.18690645e-07,4.38541431e-05,5.59354744e-05,6.17402799e-06,1.89586206e-23,9.02943223e-20,6.01702833e-16,4.0639166e-17,2.71064255e-13,3.21119372e-11,0.00228793303,2.37971351e-11,2.03035486e-16,1.05383457e-12,4.32404623e-05,3.28605018e-20,1.12156134e-13,4.69923761e-18,4.43975518e-14,1.79954806e-17,2.41553929e-17,3.18796359e-14,1.10992152e-14,0.0,2.2378169e-05,8.20114128e-27,1.99853251e-25,2.14827836e-15
63,0.040919972,-65600.0,314.163683,-0.426999179,804.579377,100000.0,0.758360487,0.0284185361,0.0256059495,0.185515711,1.21083144e-07,2.66153228e-05,3.4551029e-05,5.69626712e-06,1.10408568e-24,1.39891964e-20,2.48016028e-16,1.60284246e-17,1.63916901e-13,2.75511259e-11,0.00197775456,8.02978553e-12,8.58574432e-17,9.45268559e-13,3.53305603e-05,6.50292211e-21,9.22715056e-14,1.62928007e-18,3.63375978e-14,9.26650644e-18,2.00956531e-17,2.74034426e-14,6.83059555e-15,0.0,1.92483231e-05,7.08353217e-27,1.62667927e-25,1.62064409e-15
64,0.0409605278,-65600.0,304.354874,-0.41328769,733.359459,100000.0,0.759661216,0.024187118,0.0217937331,0.192593906,4.07883202e-08,1.60006493e-05,2.09764274e-05,5.0918982e-06,4.93845341e-26,1.86334227e-21,9.79611354e-17,5.95204224e-18,9.4643854e-14,2.32970994e-11,0.00167854623,2.35714534e-12,3.52464426e-17,8.24707215e-13,2.7077028e-05,1.07232413e-21,7.60153367e-14,5.2739672e-19,2.97240625e-14,4.15909061e-18,1.65628405e-17,2.32244863e-14,3.5168091e-15,0.0,1.62939107e-05,5.28823332e-27,1.32934905e-25,1.2233467e-15
65,0.0410041511,-65600.0,294.342061,-0.398131048,661.891096,100000.0,0.760932162,0.0200489744,0.018065262,0.199505785,1.22745859e-08,9.46365631e-06,1.24378156e-05,4.40288844e-06,1.70988265e-27,2.1311553e-22,3.67320105e-17,2.02780599e-18,5.12138127e-14,1.92413081e-11,0.00138849089,6.0198503e-13,1.39644977e-17,6.9563252e-13,1.95453815e-05,1.37086597e-22,6.17905613e-14,1.55622634e-19,2.39811917e-14,1.61009706e-18,1.34325678e-17,1.9215119e-14,1.47977383e-15,0.0,1.34635939e-05,3.40075933e-27,1.07399729e-25,9.13628119e-16
66,0.0410522051,-65600.0,284.159814,-0.381996269,590.527541,100000.0,0.762170059,0.0160160551,0.0144314762,0.206234696,3.30338053e-09,5.43586275e-06,7.10858683e-06,3.65593086e-06,4.53282517e-29,2.06214079e-23,1.28854583e-17,6.09629648e-19,2.53685349e-14,1.53407196e-11,0.00110749333,1.32212977e-13,5.26529683e-18,5.6201101e-13,1.32798129e-05,1.23343195e-23,4.87991226e-14,4.04306135e-20,1.88058187e-14,5.30126944e-19,1.05827949e-17,1.53372086e-14,4.93768273e-16,0.0,1.07365534e-05,1.9274358e-27,8.44286723e-26,6.65715032e-16
67,0.0411075401,-65600.0,273.789991,-0.365788728,519.370717,100000.0,0.76337656,0.012083845,0.0108883808,0.212790522,7.60207074e-10,2.95184859e-06,3.80341639e-06,2.86335344e-06,8.13418736e-31,1.55384188e-24,4.07229343e-18,1.50184305e-19,1.10446343e-14,1.1562447e-11,0.000834626326,2.329697e-14,1.81661352e-18,4.26720766e-13,8.3533163e-06,6.64015588e-25,3.65773511e-14,8.61618491e-21,1.4007826e-14,1.42433602e-19,7.91678547e-18,1.15672716e-14,1.22969281e-16,0.0,8.0930989e-06,9.67305261e-28,6.30665158e-26,4.62093816e-16
68,0.0411781475,-65600.0,262.949641,-0.351608178,447.146659,100000.0,0.764576126,0.0081731501,0.00736463487,0.219306814,1.2852585e-10,1.41761406e-06,1.77032193e-06,2.01311657e-06,6.64004858e-33,7.06915688e-26,1.04006542e-18,2.54786628e-20,3.85074825e-15,7.81647407e-12,0.000564018461,2.66314084e-15,5.11749468e-19,2.89304383e-13,4.58395713e-06,1.49044442e-26,2.46494511e-14,1.26437802e-21,9.38848785e-15,2.79272055e-20,5.32712207e-18,7.82232721e-15,1.9657738e-17,0.0,5.47141783e-06,4.07673022e-28,4.23930833e-26,2.88556757e-16
69,0.041278476,-65600.0,252.118972,-0.34785488,378.538586,100000.0,0.765695232,0.00452408099,0.00407658428,0.225384725,1.32521901e-11,5.49357343e-07,6.46846301e-07,1.16016446e-06,1.50100914e-35,1.41568613e-27,1.8413402e-19,2.36798884e-21,9.65686376e-16,4.32561354e-12,0.000311994959,1.47846132e-16,9.9488714e-20,1.60028938e-13,1.99861242e-06,1.03482497e-28,1.36182478e-14,1.05241994e-22,5.16373474e-15,3.50119152e-21,2.94001508e-18,4.32948925e-15,1.64020177e-18,0.0,3.02794857e-06,1.32440805e-28,2.33806442e-26,1.47839824e-16
70,0.0414670651,-65600.0,241.97334,-0.386250158,321.352537,100000.0,0.766614739,0.00152547622,0.00137459848,0.230377806,5.07322383e-13,1.31888456e-07,1.41548682e-07,4.06862626e-07,2.36088836e-39,5.14871426e-30,1.33425636e-20,7.23826186e-23,1.39573349e-16,1.45840633e-12,0.000105154778,1.85337288e-18,7.67608615e-21,5.3841485e-14,5.23636684e-07,1.63852643e-31,4.58795022e-15,3.07340713e-24,1.73398471e-15,1.9343766e-22,9.89863356e-19,1.4597914e-15,3.91290636e-20,0.0,1.0209022e-06,2.5799341e-29,7.86890118e-27,4.6456461e-17
71,0.0419965072,-65600.0,235.752664,-0.603682929,294.709284,100000.0,0.767039424,0.000140447007,0.000126556463,0.232683692,2.77191225e-15,1.10940791e-08,1.1497438e-08,3.78632061e-08,2.88898463e-45,8.89140416e-34,1.01805868e-22,3.85907909e-25,9.55555118e-18,1.34269866e-13,9.68048007e-06,1.61335819e-21,6.08591436e-23,4.95425595e-15,4.48148468e-08,1.26234559e-34,4.22345047e-16,1.37253709e-26,1.59515743e-16,1.75540965e-24,9.11114355e-20,1.34398366e-16,1.06423343e-22,0.0,9.3990687e-08,1.99422718e-30,7.24239137e-28,4.2014264e-18
72,0.0434952367,-65600.0,234.96705,-1.30249554,292.043076,100000.0,0.767081804,2.2324853e-06,2.01168734e-06,0.232913795,6.78435748e-19,1.75957432e-10,1.82185873e-10,6.02011961e-10,7.81073928e-53,2.886598e-39,2.57313236e-26,9.58828496e-29,1.50656172e-19,2.13429533e-15,1.53876432e-07,2.01534524e-25,1.54525767e-26,7.87496877e-17,7.11077235e-10,2.47804938e-38,6.71339523e-18,3.27212367e-30,2.53554697e-18,1.16173184e-27,1.44825997e-21,2.13633826e-18,2.30401712e-26,0.0,1.49403509e-09,3.15557616e-32,1.15121105e-29,6.67556288e-20
73,0.0478020668,-65600.0,234.952897,-3.32610709,292.000066,100000.0,0.767082487,3.41443454e-09,3.07673907e-09,0.232917506,1.67869448e-24,2.69114547e-13,2.78640341e-13,9.20736537e-13,4.65791798e-61,1.63183533e-47,6.33705623e-32,2.24459457e-34,2.30417146e-22,3.26425967e-18,2.35343545e-10,4.67806078e-31,3.66479957e-32,1.20442295e-19,1.08754306e-12,5.78127297e-44,1.02676818e-20,7.7353071e-36,3.87794674e-21,1.31105408e-31,2.21501519e-24,3.26738419e-21,1.21145817e-31,0.0,2.28502514e-12,4.82622499e-35,1.76069906e-32,1.02098169e-22
74,0.0524000027,-65600.0,234.952877,-5.48670287,292.0,100000.0,0.767082489,2.87490715e-12,2.59057218e-12,0.232917511,1.33835728e-30,2.26590765e-16,2.34611353e-16,7.7524756e-16,2.51879676e-69,3.54411606e-56,4.99804993e-38,1.59417804e-40,1.94008082e-25,2.74846196e-21,1.98156043e-13,3.38325939e-37,2.67291773e-38,1.01410763e-22,9.15696372e-16,4.11071113e-50,8.64524748e-24,5.61614276e-42,3.26517807e-24,1.27527675e-35,1.86501247e-27,2.75109276e-24,3.72978339e-37,0.0,1.92395988e-15,4.06361536e-38,1.48248451e-35,8.5965261e-26
75,0.057,-65600.0,234.952877,-7.64826809,292.0,100000.0,0.767082489,1.7359388e-15,1.56425044e-15,0.232917511,5.81642014e-37,1.3682101e-19,1.41664036e-19,4.68113316e-19,1.36113487e-77,6.32007095e-65,2.13595211e-44,5.82743117e-47,1.17146795e-28,1.65958812e-24,1.19651434e-16,1.30527525e-43,1.01520156e-44,6.12342833e-26,5.52919722e-19,1.50510654e-56,5.22021053e-27,2.11901337e-48,1.97159387e-27,1.18570399e-39,1.12613985e-30,1.66117667e-27,1.04957364e-42,0.0,1.16173373e-18,2.45370971e-41,8.95160171e-39,5.19079137e-29
76,0.0616,-65600.0,234.952877,-9.80983456,292.0,100000.0,0.767082489,8.17381293e-19,7.36540393e-19,0.232917511,1.6572311e-43,6.44233163e-23,6.67036956e-23,2.20415068e-22,7.35542413e-86,1.09643608e-73,5.93558499e-51,1.29642322e-53,5.51595475e-32,7.81430939e-28,5.6338878e-20,4.24906071e-50,2.37937396e-51,2.88326741e-29,2.60346873e-22,3.35570257e-63,2.45797976e-30,4.92118539e-55,9.28341451e-31,1.056483e-43,5.30252362e-34,7.82178918e-31,2.9161108e-48,0.0,5.47012039e-22,1.15534973e-44,4.21493649e-42,2.4441275e-32
77,0.0662,-65600.0,234.952877,-11.971401,292.0,100000.0,0.767082489,3.15413226e-22,2.84218128e-22,0.232917511,3.4886734e-50,2.48598373e-26,2.57397961e-26,8.50543413e-26,3.9747808e-94,1.89813523e-82,1.20542417e-57,1.93874429e-60,2.12851101e-35,3.01540609e-31,2.17401932e-23,4.26335067e-56,3.8070626e-58,1.11260275e-32,1.0046333e-25,5.03205228e-70,9.48491641e-34,7.77890155e-62,3.58230821e-34,9.03687424e-48,2.04615165e-37,3.01829241e-34,8.08400243e-54,0.0,2.11082432e-25,4.45829366e-48,1.62647069e-45,9.43146296e-36
78,0.0708,-65600.0,234.952877,-14.1329675,292.0,100000.0,0.767082489,1.03104857e-25,9.29075486e-26,0.232917511,5.94596972e-57,8.12638715e-30,8.41403526e-30,2.78032594e-29,0.0,3.28570462e-91,1.95463371e-64,2.08238837e-67,6.95785104e-39,9.85700629e-35,7.10661233e-27,1.06329261e-61,4.45290169e-65,3.63696696e-36,3.28402759e-29,5.42276336e-77,3.10050713e-37,8.95590989e-69,1.17101423e-37,7.43256885e-52,6.68862802e-41,9.86644134e-38,2.2380205e-59,0.0,6.90003536e-29,1.45736353e-51,5.31674054e-49,3.08303383e-39
79,0.0754,-65600.0,234.952877,-16.294534,292.0,100000.0,0.767082489,2.92270067e-29,2.63363881e-29,0.232917511,9.96201612e-64,2.30357693e-33,2.38511619e-33,7.88135562e-33,0.0,0.0,2.72114407e-71,1.68348027e-74,1.97233344e-42,2.79415341e-38,2.01450263e-30,3.25591342e-67,4.00226262e-72,1.03096653e-39,9.30919248e-33,4.40103881e-84,8.78896928e-41,7.88740803e-76,3.3194596e-41,5.88651602e-56,1.89601713e-44,2.79682795e-41,6.18783669e-65,0.0,1.95594451e-32,4.13117041e-55,1.50712988e-52,8.73943793e-43
80,0.08,-65600.0,234.952877,-18.4561005,292.0,100000.0,0.767082489,0.0,0.0,0.232917511,0.0,0.0,0.0,0.0,0.0,0.0,0.0,0.0,0.0,0.0,0.0,0.0,0.0,0.0,0.0,0.0,0.0,0.0,0.0,0.0,0.0,0.0,0.0,0.0,0.0,0.0,0.0,0.0
